latitude,longitude,rainfall,soil_type,elevation,groundwater_depth,slope,land_use,borewell_suitability
16.7318,77.3364,1225.7,Sandy,760.8,14.61,10.92,Urban,High
15.9641,75.8484,942.9,Loamy,762.7,10.73,2.1,Agricultural,High
17.1405,76.0853,630.5,Loamy,778.5,21.0,10.87,Barren,Low
18.3326,79.9743,504.0,Loamy,227.6,6.81,10.59,Urban,High
15.8455,74.0867,1225.8,Clayey,384.3,11.4,5.68,Barren,Medium
16.2561,76.5506,375.4,Sandy,260.3,23.19,2.64,Urban,Low
18.8106,78.582,651.7,Loamy,628.0,22.14,1.03,Barren,Medium
17.7339,75.7785,894.2,Sandy,561.1,27.72,4.23,Agricultural,Medium
15.91,75.4739,662.3,Sandy,520.0,31.4,2.83,Agricultural,Low
15.0681,74.4037,1054.2,Clayey,608.1,5.77,12.66,Agricultural,Medium
18.2562,76.9175,897.3,Clayey,577.7,5.96,16.27,Agricultural,High
17.7936,77.2939,753.3,Rocky,589.1,15.58,0.47,Agricultural,High
17.6845,73.2098,837.2,Loamy,137.0,1.0,9.99,Agricultural,High
19.8132,74.2735,1042.4,Loamy,570.6,25.06,4.99,Agricultural,Medium
18.6703,75.8592,741.3,Loamy,697.2,11.67,8.35,Forest,Medium
20.5845,79.1008,1027.1,Rocky,615.2,4.96,9.4,Forest,Medium
15.0927,79.2018,474.5,Clayey,606.7,14.55,0.79,Forest,Medium
15.1396,73.7489,1244.5,Sandy,184.7,20.77,7.34,Barren,Low
15.2359,74.4409,541.9,Rocky,552.2,13.98,0.92,Urban,Low
17.4889,74.2748,937.0,Sandy,621.7,18.2,5.75,Agricultural,High
18.8755,74.5097,1109.1,Rocky,527.4,24.45,1.07,Forest,Low
20.1883,76.4874,1408.5,Sandy,160.3,5.44,0.67,Agricultural,High
17.2228,73.291,1291.3,Loamy,542.6,16.4,3.51,Urban,High
16.0874,79.5411,1093.6,Sandy,323.7,24.56,1.81,Agricultural,High
17.329,78.7807,706.2,Sandy,340.7,16.78,3.72,Agricultural,Low
18.6453,74.5722,572.3,Sandy,467.7,1.0,9.78,Forest,High
18.69,79.1157,654.5,Loamy,373.2,28.2,1.1,Forest,Medium
16.4548,77.9328,658.2,Rocky,397.3,26.09,3.22,Agricultural,Medium
17.3033,78.6419,707.6,Sandy,358.8,24.92,9.6,Barren,Low
18.0839,79.7998,1383.7,Rocky,409.7,30.93,0.72,Forest,Medium
16.4235,79.4767,1014.3,Loamy,365.8,16.64,0.92,Barren,High
17.1508,73.1897,917.0,Sandy,932.5,9.25,2.3,Agricultural,High
17.9527,75.5146,860.6,Sandy,590.9,10.14,2.02,Barren,Medium
20.2648,79.5242,1224.0,Clayey,552.9,7.1,11.38,Agricultural,Low
17.6409,77.4259,854.3,Sandy,570.2,1.0,6.32,Agricultural,High
17.1982,75.7872,475.9,Clayey,333.4,12.54,15.22,Barren,Medium
18.0457,74.5909,1693.3,Sandy,847.4,31.77,2.84,Agricultural,Medium
19.5052,78.2476,907.3,Sandy,799.9,15.1,0.9,Urban,Medium
20.5927,74.9191,892.3,Loamy,893.8,14.01,1.94,Agricultural,High
16.8083,73.7481,1158.7,Sandy,241.6,5.22,3.86,Agricultural,High
20.8307,77.0356,753.6,Loamy,378.5,25.18,2.94,Forest,Low
16.7667,79.1229,730.7,Clayey,467.1,14.24,0.36,Urban,Medium
18.871,73.2183,917.1,Loamy,362.7,2.85,10.43,Forest,High
16.6796,78.6666,815.6,Clayey,756.7,1.0,2.17,Agricultural,Medium
17.8438,78.8022,932.6,Sandy,638.3,4.79,2.85,Agricultural,High
17.8122,75.3583,847.2,Sandy,580.2,16.42,0.42,Agricultural,Medium
17.9665,79.6053,893.1,Loamy,627.5,30.53,2.39,Agricultural,High
19.0053,76.0162,890.0,Loamy,243.5,4.69,10.18,Agricultural,High
15.7238,77.6466,1279.7,Sandy,375.9,14.11,2.94,Agricultural,High
19.6139,79.8236,716.5,Loamy,742.8,12.76,5.23,Barren,High
19.4446,78.1631,1186.6,Sandy,413.4,19.58,5.95,Agricultural,High
15.4619,75.6578,359.4,Loamy,782.3,21.22,0.28,Forest,Medium
16.4757,79.8402,541.8,Loamy,379.7,19.0,14.06,Barren,High
15.7624,74.6147,1054.1,Rocky,550.1,22.61,16.88,Barren,Low
20.1328,78.9584,679.6,Rocky,367.3,22.8,8.18,Agricultural,Medium
16.1747,73.0447,812.5,Clayey,613.8,24.47,18.92,Urban,Low
20.916,73.9187,985.0,Sandy,455.1,9.98,4.08,Agricultural,High
15.6964,74.5413,889.3,Clayey,739.7,8.98,14.15,Agricultural,Medium
20.3225,79.6517,1098.9,Sandy,471.2,19.88,0.92,Agricultural,Medium
15.2447,76.9648,1298.5,Sandy,199.9,14.25,0.35,Forest,High
19.1745,77.9173,1084.6,Sandy,387.3,17.06,0.63,Barren,High
19.4467,73.7099,926.9,Sandy,614.1,15.41,14.48,Forest,High
15.7655,79.5166,1379.6,Loamy,187.6,14.62,3.17,Agricultural,High
18.0978,75.7737,1129.8,Sandy,588.7,14.11,7.13,Urban,Medium
18.0158,77.1739,904.4,Loamy,456.8,28.05,0.22,Agricultural,Medium
15.5472,76.0263,1289.1,Clayey,623.8,20.32,0.91,Forest,Medium
16.1091,77.1677,1647.9,Sandy,510.1,1.0,4.64,Urban,High
17.4051,75.8302,752.5,Sandy,376.7,9.94,10.09,Forest,High
18.5147,79.1661,681.6,Rocky,463.9,18.5,2.79,Agricultural,High
19.3776,77.5692,537.1,Loamy,593.1,27.62,0.74,Barren,Medium
17.149,75.9785,674.4,Loamy,409.4,15.63,7.06,Forest,Medium
20.4025,74.905,849.9,Sandy,207.8,15.47,8.61,Agricultural,High
20.2327,77.0487,747.3,Loamy,775.2,17.96,2.93,Agricultural,High
20.6933,74.2347,942.5,Sandy,386.8,7.72,6.77,Forest,High
16.0231,76.1671,805.1,Rocky,489.5,10.32,0.71,Barren,Low
19.6793,76.122,1252.0,Clayey,566.9,16.26,9.62,Agricultural,Medium
17.3166,78.7258,1387.4,Sandy,615.9,21.64,1.15,Agricultural,High
15.2727,73.6151,1010.2,Rocky,861.3,6.26,2.74,Barren,Medium
20.3807,75.359,556.9,Loamy,488.1,19.59,8.09,Barren,Medium
20.425,74.2578,755.1,Loamy,580.3,9.6,2.45,Agricultural,High
17.1055,79.8878,828.3,Loamy,664.6,13.27,7.18,Barren,Medium
19.2181,79.4001,1447.8,Sandy,451.4,16.6,8.11,Barren,Medium
15.0331,77.508,903.1,Clayey,598.2,20.48,7.47,Agricultural,Medium
15.4443,77.6125,843.9,Rocky,411.8,25.37,18.6,Forest,Low
20.5964,76.8331,1053.4,Sandy,276.3,10.25,12.2,Forest,High
17.0742,76.4774,955.2,Sandy,790.8,7.42,2.33,Forest,High
18.5004,77.866,962.9,Sandy,640.3,2.66,2.51,Agricultural,High
18.0091,75.9944,1089.2,Rocky,326.5,8.95,5.76,Agricultural,Medium
18.8597,73.9021,660.2,Clayey,395.7,25.23,6.14,Urban,Medium
18.1364,75.052,783.5,Sandy,202.2,1.88,8.58,Forest,High
16.9325,73.6573,722.3,Loamy,596.4,14.49,0.43,Barren,Medium
20.5772,73.0529,1841.3,Loamy,298.3,15.98,0.84,Forest,High
17.028,73.6259,612.2,Loamy,784.9,12.14,1.38,Agricultural,High
19.6585,77.3464,778.9,Sandy,376.1,16.52,0.46,Agricultural,Low
15.2201,77.4738,568.3,Loamy,310.6,14.27,19.32,Urban,Low
18.0205,77.0975,706.1,Loamy,268.4,11.18,1.78,Forest,High
20.9398,75.7918,891.2,Rocky,219.8,26.73,15.96,Urban,Low
15.8356,74.5966,892.0,Loamy,564.6,7.21,4.73,Barren,Medium
18.5874,74.436,1175.7,Clayey,584.1,1.0,0.56,Urban,Medium
15.7014,79.6598,1256.7,Sandy,367.4,33.43,3.92,Urban,Low
16.4523,75.682,608.5,Clayey,453.8,5.07,0.51,Agricultural,Medium
18.7093,74.4917,1384.6,Rocky,510.8,7.67,4.88,Agricultural,High
17.5652,79.2744,951.1,Loamy,156.5,11.86,5.23,Barren,Medium
19.8446,79.0793,935.9,Clayey,549.6,10.77,6.44,Forest,High
19.6276,78.0118,717.1,Loamy,10.0,15.78,3.93,Urban,High
18.6386,78.6459,741.4,Rocky,270.2,24.27,12.0,Agricultural,Low
18.9522,77.8823,200.0,Rocky,433.3,2.72,3.29,Agricultural,Low
15.2012,78.7583,900.4,Loamy,433.9,8.76,4.3,Barren,High
15.0304,74.7477,992.6,Sandy,424.5,4.03,1.67,Urban,High
20.4321,76.5523,824.3,Sandy,220.3,18.61,0.2,Forest,High
18.2972,77.4697,748.6,Loamy,457.6,11.98,17.5,Forest,Medium
15.1582,77.505,1185.9,Clayey,450.7,1.0,1.44,Agricultural,High
16.8659,78.5994,618.2,Loamy,213.8,14.07,3.52,Agricultural,High
15.1235,79.8939,301.9,Rocky,318.4,6.16,0.79,Agricultural,Medium
20.63,73.4219,1056.3,Loamy,629.1,1.0,0.45,Agricultural,High
16.7385,77.1321,1062.4,Loamy,454.2,18.73,1.14,Forest,High
17.2853,74.1168,419.4,Rocky,501.1,4.16,0.08,Agricultural,Medium
19.3335,77.4938,528.2,Sandy,64.5,22.16,9.95,Agricultural,Low
15.9648,76.426,1410.7,Rocky,752.2,9.32,1.71,Forest,High
19.3347,77.874,1025.9,Clayey,220.2,19.42,0.76,Forest,High
17.4537,73.6404,1347.8,Sandy,94.8,25.63,6.81,Agricultural,High
19.5037,75.1067,1045.4,Sandy,562.9,11.66,2.5,Forest,High
20.3554,78.3452,895.4,Loamy,227.7,8.4,0.64,Agricultural,Medium
19.3852,79.4892,985.7,Clayey,289.1,8.95,1.9,Agricultural,High
18.2924,74.5485,972.2,Clayey,159.8,12.69,2.37,Agricultural,Medium
16.017,79.9855,1518.5,Clayey,533.7,23.33,2.2,Forest,High
18.8452,73.5145,986.1,Loamy,512.3,14.22,6.32,Forest,Medium
15.2787,76.1655,1082.7,Sandy,697.2,18.67,1.88,Agricultural,High
19.1821,74.6714,926.5,Clayey,556.9,18.6,2.25,Forest,Low
16.7027,77.8267,1068.3,Sandy,574.4,13.53,9.75,Forest,High
18.6346,73.7462,867.8,Loamy,499.9,10.99,3.19,Urban,High
19.62,74.5434,549.0,Clayey,451.4,18.79,6.77,Urban,Low
18.7398,77.7032,1046.0,Sandy,397.4,14.49,3.68,Agricultural,High
19.617,75.7199,531.1,Loamy,696.2,26.98,7.65,Agricultural,Low
18.2438,79.1865,719.3,Clayey,19.3,18.46,0.91,Forest,Medium
20.4656,77.9986,956.9,Sandy,654.3,20.43,7.09,Agricultural,Low
20.3634,78.879,697.4,Sandy,486.8,8.41,2.43,Agricultural,High
20.0159,77.1506,1174.1,Sandy,376.1,5.1,3.13,Agricultural,High
15.7186,79.077,657.1,Loamy,543.9,27.24,0.36,Forest,Medium
15.5477,79.9799,997.7,Loamy,283.6,17.39,2.86,Agricultural,Medium
19.1514,79.9137,1680.5,Clayey,447.6,8.73,2.5,Agricultural,High
20.9798,74.5992,677.3,Rocky,974.2,1.54,2.61,Forest,Medium
18.7653,73.0684,1225.8,Sandy,546.5,18.8,2.88,Barren,Low
18.8978,79.4084,858.5,Clayey,537.3,17.54,7.96,Barren,Medium
20.1971,79.479,433.2,Loamy,481.0,10.69,9.78,Agricultural,Medium
20.773,73.0813,1101.8,Rocky,1039.8,19.26,4.76,Forest,Medium
18.8185,73.1857,1257.2,Clayey,498.8,13.48,6.97,Agricultural,High
18.3261,73.6089,431.2,Sandy,226.7,14.23,7.18,Forest,Medium
18.521,79.0823,873.5,Sandy,516.8,19.09,17.85,Forest,Medium
16.4841,77.7616,692.3,Clayey,801.7,9.17,0.7,Agricultural,High
15.1204,79.7894,529.7,Loamy,384.1,12.11,5.97,Urban,High
19.392,77.034,705.2,Sandy,285.5,16.73,1.43,Barren,High
17.6348,74.2701,608.5,Loamy,624.9,32.0,6.61,Barren,Low
16.3755,73.1655,1090.6,Sandy,528.8,24.56,4.23,Agricultural,Medium
15.9025,73.4225,1122.6,Loamy,467.1,1.5,3.62,Agricultural,High
15.9114,76.1765,970.0,Sandy,542.6,25.77,20.36,Agricultural,Low
19.1799,73.5996,691.6,Loamy,509.1,11.02,5.82,Agricultural,High
16.3933,79.7405,1117.5,Clayey,296.0,9.43,0.93,Forest,High
20.1964,78.7211,1312.1,Clayey,556.9,13.67,4.71,Agricultural,Medium
16.0402,76.9691,1091.4,Loamy,550.0,28.7,0.99,Agricultural,Low
20.2642,75.9495,1108.9,Loamy,571.3,4.65,4.59,Forest,High
20.5252,79.5562,825.0,Sandy,628.0,11.99,10.79,Agricultural,High
16.4864,74.8183,523.7,Loamy,340.3,19.87,2.84,Barren,Medium
16.0392,77.7461,1028.6,Rocky,456.6,8.76,2.99,Barren,Medium
17.0448,73.3202,613.5,Loamy,423.7,23.06,7.5,Agricultural,High
15.6952,74.5538,1058.9,Clayey,606.9,20.96,2.21,Agricultural,High
15.3089,79.1172,1038.0,Loamy,130.4,27.13,3.3,Agricultural,Medium
18.0188,77.9585,1031.0,Rocky,150.7,33.25,1.73,Agricultural,Medium
18.7737,77.4284,1462.0,Loamy,143.8,17.27,0.35,Barren,High
15.509,79.0804,628.9,Rocky,848.5,1.0,1.03,Agricultural,High
16.625,74.0773,838.9,Loamy,573.4,12.05,6.7,Agricultural,High
19.8592,76.7352,884.6,Clayey,409.1,14.71,4.34,Agricultural,Medium
17.0257,76.6798,837.2,Sandy,867.9,15.85,0.28,Agricultural,Medium
19.1804,75.3931,699.6,Rocky,441.3,20.56,5.23,Urban,Low
16.3456,73.276,371.8,Clayey,522.7,8.15,0.87,Agricultural,High
18.4247,77.6122,799.9,Loamy,668.2,9.98,0.69,Agricultural,High
20.5312,74.3348,812.9,Rocky,235.6,28.8,9.13,Agricultural,Low
17.3547,74.268,668.1,Loamy,437.6,8.48,2.99,Urban,High
16.1071,75.2131,1138.0,Clayey,569.4,16.25,6.04,Forest,High
17.9557,79.7859,950.6,Sandy,532.0,1.0,1.15,Forest,High
18.1471,75.829,737.2,Loamy,30.0,18.8,6.18,Urban,Medium
16.6404,78.5279,1065.4,Sandy,403.1,16.05,13.48,Urban,High
19.3557,79.4212,1047.3,Loamy,368.6,7.3,1.42,Forest,High
17.471,73.1276,1312.3,Clayey,359.7,14.74,4.32,Agricultural,High
16.1223,76.1409,1049.0,Clayey,787.0,29.86,0.05,Agricultural,Low
17.3321,78.4287,847.5,Sandy,276.1,10.44,6.46,Agricultural,High
15.8824,76.1171,836.7,Clayey,541.5,4.66,13.92,Urban,Medium
20.3712,76.6092,1133.9,Sandy,342.2,6.52,12.04,Agricultural,High
19.5691,74.6097,623.3,Sandy,173.8,20.77,5.49,Urban,Medium
15.5322,78.1548,591.7,Clayey,293.0,5.87,4.69,Agricultural,High
17.2456,78.3965,546.3,Loamy,340.1,2.51,2.87,Agricultural,High
15.4366,79.0505,1199.5,Loamy,182.3,15.64,2.04,Barren,High
20.7999,73.1708,1278.8,Loamy,734.5,16.15,10.92,Agricultural,High
15.4552,78.4143,870.4,Loamy,361.4,18.55,2.45,Agricultural,High
17.0895,74.6628,944.0,Sandy,222.5,11.78,8.85,Forest,Medium
15.7176,78.0559,836.0,Sandy,584.6,7.89,5.44,Forest,Medium
15.5215,76.4802,769.1,Loamy,442.1,18.97,4.08,Urban,Medium
15.6808,78.3964,648.2,Rocky,413.8,24.23,1.77,Barren,Low
15.9201,77.8471,1042.9,Rocky,762.6,13.11,15.87,Barren,Medium
20.2599,76.4067,804.3,Rocky,328.7,19.04,1.17,Urban,Low
15.183,79.5991,997.0,Loamy,146.4,1.15,0.66,Forest,High
16.4258,74.164,585.9,Rocky,810.9,1.0,0.04,Barren,Low
20.9213,79.6228,1145.3,Sandy,417.4,17.87,1.43,Forest,High
19.8633,78.1211,1294.5,Rocky,634.9,7.16,9.55,Barren,High
16.3326,78.8445,415.9,Clayey,480.4,30.9,25.86,Barren,Low
16.5527,74.0406,349.1,Loamy,348.4,10.79,9.05,Forest,High
19.6335,75.6132,1317.1,Loamy,458.2,9.15,14.24,Barren,High
17.5526,75.6128,868.2,Rocky,274.0,5.09,11.19,Forest,Low
18.8545,78.269,1517.2,Sandy,249.2,1.0,6.28,Forest,High
19.8768,78.3272,760.6,Sandy,372.6,12.36,2.88,Agricultural,High
16.8703,74.6581,807.6,Clayey,249.2,15.01,7.61,Agricultural,Medium
16.9392,74.9062,1212.0,Sandy,486.9,8.23,0.2,Urban,High
16.9854,73.138,919.3,Loamy,454.5,15.73,2.91,Urban,Medium
20.0118,75.4897,1350.4,Rocky,521.1,2.62,1.84,Barren,High
15.5417,75.0209,473.5,Clayey,746.8,18.89,0.0,Barren,Low
18.5545,78.1625,1227.4,Loamy,643.1,9.9,14.57,Urban,High
17.2576,79.4459,1076.0,Loamy,447.2,26.35,13.51,Forest,High
18.7986,77.1316,984.8,Loamy,596.2,18.57,3.93,Urban,Medium
16.0627,75.207,788.2,Clayey,314.5,16.12,2.4,Urban,Low
18.4468,76.4011,840.8,Loamy,443.3,16.83,2.04,Agricultural,Medium
15.9856,75.1792,1096.8,Sandy,414.6,17.57,0.48,Barren,Medium
18.1127,73.1287,718.3,Sandy,854.7,19.35,2.49,Forest,Medium
15.6107,79.9959,428.7,Loamy,479.0,17.58,0.91,Agricultural,Medium
15.4707,74.5711,651.9,Sandy,176.8,12.0,10.64,Agricultural,Medium
20.7747,74.9184,1547.2,Rocky,413.9,20.86,5.63,Agricultural,Medium
20.3469,73.2773,872.8,Loamy,515.6,18.33,3.52,Agricultural,Medium
15.3485,79.5406,970.1,Loamy,384.4,10.14,1.8,Agricultural,High
16.2098,78.6212,1078.1,Loamy,408.8,12.62,8.32,Barren,High
19.7642,74.4843,635.4,Rocky,92.8,23.06,2.32,Agricultural,Medium
19.8928,75.8611,506.4,Rocky,347.4,29.79,2.5,Forest,Low
18.7219,77.1465,881.8,Sandy,573.9,19.56,4.17,Urban,Medium
15.5121,75.4509,1431.7,Rocky,534.2,1.0,4.04,Barren,High
15.2213,73.077,1368.5,Clayey,396.7,15.75,7.53,Forest,High
19.9356,77.2542,760.2,Rocky,628.1,15.33,13.02,Agricultural,Low
16.1715,73.5387,863.7,Sandy,585.9,21.2,14.76,Urban,Low
18.9457,77.8819,837.3,Sandy,697.2,14.25,5.19,Urban,Low
19.6629,78.5758,1161.4,Sandy,351.4,25.22,3.49,Agricultural,High
15.709,79.7409,1175.8,Rocky,404.1,25.96,2.09,Agricultural,Low
15.7192,79.8908,1341.4,Loamy,283.0,22.29,1.32,Agricultural,High
16.9139,76.7799,674.5,Clayey,518.1,10.8,4.58,Agricultural,High
16.9203,76.4205,843.9,Sandy,508.8,18.53,0.21,Agricultural,High
20.8195,79.1025,826.2,Loamy,270.9,9.33,16.58,Agricultural,High
18.7454,77.4321,1126.3,Loamy,338.5,19.83,1.29,Agricultural,High
17.6492,75.7832,1152.2,Loamy,586.7,16.85,6.5,Agricultural,High
17.9711,77.6448,1187.0,Loamy,10.0,18.66,9.46,Agricultural,High
17.1201,74.4011,579.7,Clayey,633.7,13.81,0.52,Forest,High
16.3728,74.816,549.0,Clayey,414.8,24.65,2.12,Forest,Medium
17.391,74.8692,952.9,Loamy,403.9,5.43,2.21,Agricultural,High
15.531,73.2558,980.2,Clayey,139.2,12.7,5.56,Agricultural,High
15.5831,77.3925,734.6,Sandy,250.4,21.84,0.71,Barren,High
18.1386,76.4922,822.1,Loamy,1047.1,7.77,0.27,Agricultural,High
17.2135,79.7558,1238.0,Rocky,203.5,16.06,5.41,Forest,High
17.3586,78.9118,1033.4,Sandy,433.7,20.54,1.6,Forest,Medium
18.9118,79.6084,1069.7,Sandy,199.5,28.88,3.93,Agricultural,High
17.074,76.6384,1008.5,Rocky,664.3,22.11,2.37,Barren,Low
15.0864,73.5673,1039.9,Sandy,673.5,6.98,7.9,Forest,Low
17.7364,76.7618,866.6,Sandy,10.0,8.29,1.99,Forest,High
19.1637,74.6236,1308.2,Clayey,440.2,1.0,10.12,Agricultural,Medium
20.1389,78.8591,1171.2,Sandy,320.0,10.06,6.9,Forest,High
15.1591,74.1102,906.2,Sandy,491.5,12.02,15.75,Agricultural,Low
19.6508,78.2497,1151.5,Loamy,222.2,16.72,8.82,Urban,Medium
19.5471,76.4711,493.0,Rocky,550.4,21.21,2.26,Agricultural,Low
18.1384,74.9084,783.4,Sandy,393.0,17.3,3.86,Barren,Low
16.5146,79.0754,835.5,Sandy,566.4,14.35,2.73,Agricultural,Medium
18.2166,79.5535,1248.6,Loamy,388.3,24.84,6.03,Barren,High
15.276,77.7828,415.5,Clayey,378.0,3.27,4.88,Forest,Medium
15.2157,76.2718,1363.0,Loamy,372.6,25.55,1.77,Agricultural,High
17.5917,73.3833,1067.5,Loamy,620.2,10.75,0.64,Forest,High
18.8004,77.5972,572.9,Loamy,730.7,17.02,6.71,Urban,Medium
20.4388,73.3039,1140.1,Sandy,569.0,23.55,4.62,Forest,Medium
15.3814,73.7288,307.4,Loamy,559.4,17.02,10.6,Urban,Low
16.6281,76.173,673.3,Clayey,675.1,17.64,0.6,Forest,Low
19.4763,75.1725,1022.9,Loamy,233.0,23.81,17.96,Agricultural,Medium
15.2241,77.5475,855.7,Sandy,378.6,26.96,1.84,Agricultural,Medium
19.5203,73.2277,822.3,Loamy,66.1,12.7,2.13,Agricultural,High
20.5482,73.7462,586.6,Loamy,320.1,1.0,1.77,Urban,High
19.6339,73.2808,934.5,Rocky,358.5,8.58,0.21,Agricultural,High
19.189,73.2211,921.0,Clayey,406.6,6.79,4.59,Barren,Medium
17.2063,79.7974,1076.6,Sandy,688.5,17.57,0.46,Forest,High
15.3454,75.9381,600.2,Rocky,297.3,7.97,4.8,Urban,Low
20.2116,76.3596,607.6,Loamy,185.5,15.0,2.8,Forest,High
16.5015,73.9066,675.8,Loamy,179.5,18.65,2.09,Urban,Low
17.5176,75.6088,1138.3,Rocky,418.8,7.43,2.09,Agricultural,High
17.2239,78.9135,1256.3,Clayey,621.9,27.03,5.37,Agricultural,High
16.1287,77.8263,415.1,Loamy,391.0,4.26,0.56,Barren,High
19.1456,77.1655,1358.5,Rocky,869.9,11.39,3.4,Agricultural,High
15.6722,78.6549,849.6,Clayey,331.5,25.24,0.51,Agricultural,Medium
18.2737,78.2046,614.0,Loamy,718.1,9.58,2.96,Barren,Medium
18.2146,75.7251,673.0,Sandy,544.5,4.32,8.79,Agricultural,Medium
20.7817,79.0907,734.4,Sandy,797.8,1.0,4.91,Agricultural,High
20.9237,73.5714,1392.0,Sandy,247.2,5.77,4.1,Forest,High
19.5614,78.6909,628.3,Sandy,356.8,17.77,2.6,Agricultural,Medium
19.2411,73.1777,580.5,Sandy,404.3,13.6,0.75,Urban,Medium
16.965,76.1063,984.0,Loamy,513.2,10.88,3.28,Agricultural,High
20.3731,78.3929,1195.7,Loamy,403.1,9.13,1.94,Agricultural,High
20.4454,75.95,200.0,Clayey,129.8,15.68,4.53,Barren,Low
18.8004,76.8643,736.1,Loamy,375.0,22.46,12.33,Urban,Medium
15.3101,73.4049,1398.4,Loamy,548.4,14.21,3.82,Barren,High
19.5647,78.8115,944.6,Loamy,379.2,22.01,2.68,Agricultural,High
20.7004,76.1597,794.1,Clayey,306.8,23.46,6.35,Forest,Medium
17.8333,74.7022,1265.6,Sandy,453.9,11.36,0.38,Agricultural,High
15.3383,77.611,913.1,Loamy,457.6,14.38,4.29,Agricultural,High
17.153,75.8948,1237.2,Loamy,398.8,8.34,0.07,Agricultural,High
18.0163,74.7959,1053.9,Sandy,379.6,4.65,2.6,Agricultural,High
20.6971,79.0952,684.3,Rocky,466.4,16.66,2.26,Barren,Low
15.4664,73.732,1413.2,Sandy,461.0,29.37,16.95,Urban,Medium
17.7822,78.6041,583.9,Loamy,645.2,4.07,2.28,Urban,High
20.8195,78.8723,1012.2,Loamy,389.3,16.76,5.86,Agricultural,High
15.6067,73.2179,803.3,Sandy,594.3,25.84,4.61,Agricultural,Medium
20.4559,79.7275,500.6,Sandy,205.9,11.0,0.92,Forest,High
15.2063,74.2463,664.2,Clayey,339.9,1.0,2.42,Agricultural,High
16.1191,75.0799,824.8,Loamy,449.9,11.23,1.33,Urban,Medium
15.8065,75.3887,789.1,Clayey,390.7,17.51,3.01,Agricultural,Medium
15.4906,73.3996,698.8,Sandy,620.9,31.42,0.3,Barren,Low
20.7036,74.1454,1001.5,Sandy,586.4,17.94,13.31,Barren,High
20.6204,76.4746,1061.5,Loamy,378.3,24.6,0.56,Agricultural,High
19.8774,76.8875,713.2,Sandy,390.1,26.61,4.36,Forest,Medium
15.775,73.2146,875.1,Sandy,527.8,24.52,1.13,Forest,High
17.3204,73.36,1052.4,Loamy,400.6,19.41,2.0,Forest,High
15.9172,73.3375,562.0,Loamy,454.8,14.51,2.02,Agricultural,High
19.5748,77.6728,1097.8,Sandy,633.1,4.2,8.3,Barren,High
19.1762,75.8135,1077.8,Clayey,149.4,19.64,8.42,Barren,Medium
18.4193,75.9662,654.9,Sandy,283.4,23.66,2.09,Barren,Low
19.0302,78.0902,462.7,Loamy,324.9,10.49,1.79,Agricultural,High
16.1004,76.6319,1025.7,Sandy,624.9,13.16,3.47,Urban,High
18.592,77.247,532.8,Loamy,674.2,6.22,1.91,Barren,High
15.2444,73.5329,1249.4,Rocky,184.8,10.99,6.77,Forest,Medium
20.6169,78.3703,1207.2,Sandy,580.1,13.96,4.54,Urban,Medium
17.7548,74.1447,832.5,Loamy,466.8,18.41,7.25,Agricultural,Medium
20.6835,77.3835,960.3,Sandy,440.9,13.31,1.62,Agricultural,High
17.845,76.3641,960.2,Sandy,257.2,22.83,2.51,Agricultural,Medium
20.8158,73.9975,1053.9,Clayey,485.0,16.57,0.19,Barren,Medium
16.972,77.7635,1242.0,Loamy,544.4,26.49,0.65,Barren,High
16.6155,74.413,1189.5,Loamy,585.8,12.58,2.44,Agricultural,High
17.0932,74.3704,259.3,Loamy,489.0,20.12,0.43,Agricultural,Medium
20.7292,77.5867,920.1,Loamy,342.8,11.88,12.01,Barren,Medium
17.812,76.4412,953.9,Loamy,518.0,24.1,0.06,Agricultural,High
19.2484,73.7927,1150.1,Loamy,276.6,21.67,7.23,Barren,High
20.1181,73.1489,1667.5,Sandy,645.8,21.08,8.26,Barren,Medium
16.7529,75.3345,950.8,Loamy,503.1,18.27,0.74,Agricultural,High
18.4099,75.0814,644.8,Sandy,235.8,10.77,0.85,Forest,High
19.0294,75.5973,1302.1,Clayey,437.3,16.11,1.28,Agricultural,Medium
16.9421,74.6628,760.4,Loamy,562.6,14.17,7.18,Agricultural,Medium
16.0896,79.9145,1440.2,Sandy,699.4,8.33,0.49,Barren,High
17.7752,73.0346,572.7,Sandy,560.5,11.36,0.2,Agricultural,High
17.9497,78.7728,595.3,Sandy,518.8,6.17,2.57,Forest,Medium
20.3806,78.1691,1050.3,Sandy,170.1,1.02,11.09,Forest,High
20.3913,78.1256,704.6,Clayey,470.9,1.0,13.65,Agricultural,Medium
15.1459,78.0734,768.8,Loamy,542.5,13.01,0.58,Forest,High
18.3677,75.7803,798.9,Sandy,335.3,26.78,2.74,Agricultural,Medium
20.9983,78.0344,958.4,Rocky,440.0,29.46,7.27,Urban,Medium
17.7495,75.3458,755.2,Sandy,784.7,7.38,1.45,Agricultural,Medium
18.7088,78.1989,807.2,Loamy,186.2,8.47,1.02,Barren,High
18.4697,79.6131,1465.4,Loamy,231.7,1.0,0.8,Agricultural,High
16.5476,78.0973,1516.9,Loamy,733.9,16.52,0.9,Forest,High
17.9907,77.7827,901.9,Loamy,401.2,13.29,8.76,Urban,Medium
20.1505,79.8144,1518.8,Loamy,362.6,16.48,1.0,Urban,High
17.9367,79.4009,955.4,Sandy,317.6,15.62,24.23,Forest,High
19.374,74.0931,808.4,Clayey,251.1,20.35,0.05,Agricultural,High
20.4381,73.8763,1481.7,Loamy,612.6,6.4,0.19,Barren,High
18.6637,77.6775,1040.3,Sandy,518.5,8.5,2.46,Barren,High
18.8998,77.7575,1456.2,Loamy,230.0,28.24,5.86,Barren,High
15.4473,79.0325,892.5,Clayey,341.2,10.72,1.58,Barren,Medium
15.2713,76.1662,858.8,Clayey,10.0,15.63,3.95,Agricultural,High
18.1779,74.7248,992.2,Sandy,313.1,1.0,0.66,Barren,High
19.8607,74.6353,340.0,Sandy,549.5,5.32,0.99,Agricultural,Medium
16.6846,75.3791,633.8,Loamy,583.3,16.87,7.21,Agricultural,High
20.3233,73.6961,1359.2,Loamy,537.7,21.95,1.44,Barren,High
16.4909,78.4637,331.9,Loamy,430.9,21.26,3.31,Forest,Low
16.1194,79.6392,955.0,Sandy,561.5,6.15,0.92,Agricultural,High
17.5626,73.1573,620.0,Rocky,198.5,10.44,2.14,Agricultural,High
17.1366,75.7571,1251.9,Sandy,852.5,15.36,1.77,Forest,High
18.545,74.6217,369.5,Loamy,435.7,14.7,3.31,Agricultural,Medium
18.8728,73.4575,1116.7,Clayey,104.8,24.6,19.88,Barren,Low
17.2472,77.9507,725.5,Clayey,345.2,26.82,3.33,Agricultural,Low
18.5174,79.9388,1051.6,Clayey,395.2,20.95,1.42,Barren,High
16.0621,73.2567,948.0,Loamy,232.1,20.56,2.5,Forest,High
15.1087,78.0704,1017.7,Sandy,830.8,12.29,17.0,Forest,High
17.2492,73.5071,1470.0,Clayey,698.9,17.89,1.35,Agricultural,High
19.2118,74.5278,1266.3,Sandy,537.9,11.13,1.9,Forest,High
18.7095,79.9064,1209.8,Clayey,619.6,11.71,5.88,Agricultural,Medium
19.822,75.0613,456.3,Loamy,706.3,24.08,6.78,Forest,Medium
20.3523,75.2337,1259.0,Loamy,519.5,4.85,15.58,Agricultural,High
18.7204,77.2769,851.1,Sandy,378.1,17.69,7.4,Barren,Medium
19.7495,79.656,263.4,Clayey,546.4,7.76,4.16,Barren,Medium
15.5046,77.5617,1265.1,Sandy,403.8,24.36,3.36,Urban,Medium
18.0681,79.9141,1354.0,Loamy,617.8,13.45,2.1,Urban,High
15.9386,74.8592,893.6,Clayey,244.1,10.15,2.76,Forest,Medium
20.1131,77.0507,1101.4,Clayey,461.6,14.39,3.16,Agricultural,Medium
16.709,74.4449,1290.5,Sandy,165.2,14.02,0.05,Forest,Medium
19.735,79.6123,1063.9,Loamy,246.7,12.38,1.14,Agricultural,High
20.2632,73.8532,1184.3,Loamy,401.7,9.89,1.49,Agricultural,High
15.8386,74.9941,841.5,Loamy,346.7,16.79,12.02,Forest,Medium
16.4409,75.2763,1323.3,Clayey,589.6,26.08,0.33,Agricultural,Medium
15.4162,75.0093,431.0,Loamy,757.6,5.58,1.39,Urban,Low
17.1569,75.4824,557.5,Sandy,385.9,5.71,1.14,Forest,High
17.6248,79.3632,1168.5,Loamy,705.0,31.37,12.22,Agricultural,Medium
16.9377,78.3077,1268.1,Sandy,371.6,7.83,2.07,Agricultural,High
17.6338,78.7108,636.6,Clayey,586.7,1.0,4.55,Barren,High
18.3504,76.3707,496.2,Loamy,738.7,17.7,1.99,Barren,Medium
16.8703,73.5974,569.0,Rocky,359.4,11.92,1.05,Barren,Medium
18.7552,79.0711,200.0,Rocky,264.1,20.7,1.14,Agricultural,Low
15.1093,79.8683,876.6,Sandy,266.5,27.19,9.13,Agricultural,High
20.0527,74.5345,647.0,Clayey,368.4,30.63,2.37,Forest,Medium
20.9403,79.8886,899.0,Loamy,500.0,23.56,1.36,Urban,High
17.0953,73.6411,1382.2,Rocky,259.2,16.36,15.56,Agricultural,Low
20.535,79.2593,777.2,Sandy,146.7,13.54,1.6,Barren,High
15.4814,79.1496,359.7,Sandy,523.5,18.48,3.08,Urban,Low
19.5333,75.3927,832.6,Loamy,121.4,1.96,12.67,Agricultural,High
16.952,73.46,1197.6,Loamy,269.6,11.61,10.57,Urban,High
15.2452,77.9474,335.4,Clayey,406.4,10.09,1.23,Agricultural,Medium
15.4881,74.2987,892.7,Rocky,793.9,15.24,8.18,Urban,Low
15.1886,74.4552,1031.1,Rocky,484.7,20.12,1.48,Barren,High
18.3231,79.9066,769.4,Loamy,279.7,33.56,0.63,Agricultural,Medium
15.7458,74.7044,883.5,Loamy,575.9,16.86,1.5,Agricultural,High
16.9725,74.8069,1032.6,Clayey,277.8,23.51,8.0,Agricultural,Low
19.8996,77.7678,1022.1,Rocky,545.9,6.47,5.9,Agricultural,High
15.8251,77.1779,1221.8,Loamy,320.5,11.29,15.33,Agricultural,High
19.3565,79.9644,600.5,Sandy,354.2,9.34,1.99,Barren,Medium
15.7024,75.8653,790.0,Sandy,922.8,8.02,4.48,Barren,High
19.9352,78.6121,1200.3,Loamy,867.7,13.9,1.66,Agricultural,High
15.6638,77.1063,669.3,Sandy,797.8,13.57,1.51,Urban,Low
16.6719,77.1819,696.7,Rocky,542.4,19.82,21.67,Forest,High
16.3676,75.9765,891.8,Sandy,287.8,17.82,3.59,Agricultural,High
15.643,73.9776,731.3,Sandy,519.9,22.82,7.99,Agricultural,Medium
18.4874,76.2445,929.4,Rocky,620.8,13.72,11.22,Forest,Medium
18.9599,76.4684,569.0,Clayey,329.9,18.59,7.64,Agricultural,High
18.637,76.2384,1128.0,Loamy,694.7,23.22,7.14,Agricultural,High
20.8175,73.4695,898.2,Sandy,574.4,21.15,3.09,Agricultural,Medium
16.6858,75.4544,1451.5,Loamy,223.8,21.68,0.2,Agricultural,High
20.6837,78.0232,607.9,Loamy,265.1,9.93,17.02,Agricultural,High
20.4069,76.624,1142.4,Loamy,571.4,10.29,1.52,Agricultural,High
19.2876,79.6896,1165.2,Loamy,672.5,9.44,2.94,Agricultural,High
15.9776,77.761,597.1,Clayey,160.1,1.0,1.22,Agricultural,High
17.2617,76.6761,486.1,Loamy,320.0,25.65,26.93,Forest,Medium
17.9835,77.5599,1122.6,Clayey,10.0,1.76,9.88,Urban,High
15.6047,77.3185,1164.9,Loamy,225.5,28.34,5.44,Barren,High
16.5107,76.8792,718.3,Loamy,724.6,17.31,3.56,Forest,Medium
19.5273,73.9106,1323.7,Rocky,726.3,37.95,6.13,Barren,Low
18.11,75.9244,764.0,Sandy,1072.0,17.89,5.15,Urban,High
18.2954,79.2212,200.0,Clayey,145.5,11.33,16.29,Urban,Medium
16.7474,75.3464,922.8,Sandy,422.5,18.87,1.87,Urban,Medium
18.0726,78.128,706.9,Loamy,356.0,10.33,2.7,Forest,High
19.4726,76.9943,789.0,Clayey,736.3,30.48,3.59,Agricultural,Low
15.1521,74.5667,832.1,Sandy,692.4,6.69,0.25,Agricultural,Medium
20.943,73.4715,706.9,Sandy,445.3,6.43,9.64,Agricultural,High
20.3974,76.3848,1054.9,Clayey,190.8,7.65,18.96,Barren,High
19.9947,73.8726,1268.3,Loamy,180.8,24.74,14.5,Agricultural,Medium
15.065,76.1213,1676.9,Loamy,311.9,1.0,9.76,Barren,High
20.4323,74.9154,1073.9,Clayey,266.8,19.83,5.5,Agricultural,Medium
20.8551,74.2173,990.5,Loamy,277.4,9.3,2.33,Barren,High
15.4234,77.3303,1085.7,Sandy,265.6,20.7,17.1,Barren,Low
19.7111,79.439,628.8,Clayey,423.1,7.91,5.43,Barren,High
16.0339,74.741,837.6,Sandy,529.6,17.34,1.0,Agricultural,High
18.5454,76.3324,1066.9,Loamy,570.9,25.61,1.04,Forest,Medium
19.1054,77.0641,940.1,Sandy,450.1,1.0,0.28,Forest,High
16.0462,74.8358,980.6,Loamy,436.8,1.0,11.79,Barren,High
20.5699,77.311,371.8,Rocky,399.7,24.75,13.91,Agricultural,Low
18.7373,78.4571,891.7,Sandy,589.8,21.77,10.79,Agricultural,Low
16.1194,79.0953,1419.8,Loamy,286.3,24.77,22.17,Barren,Medium
16.7593,73.5767,598.0,Loamy,549.9,24.49,6.47,Forest,Low
18.1218,79.9135,337.4,Loamy,697.5,2.38,4.79,Agricultural,High
20.2024,73.2947,875.2,Sandy,583.2,18.11,0.58,Agricultural,High
19.7965,73.7834,1175.7,Sandy,656.1,10.52,2.19,Urban,Medium
20.9139,75.9314,495.9,Clayey,535.2,17.06,9.74,Agricultural,Medium
19.9081,74.8807,767.0,Loamy,403.2,1.0,2.35,Forest,High
15.501,77.3166,757.5,Loamy,312.1,1.0,12.8,Agricultural,Medium
19.7019,74.2668,1169.1,Sandy,448.7,8.34,13.7,Agricultural,High
17.8408,75.4347,918.5,Clayey,440.3,12.35,5.6,Agricultural,Medium
15.858,79.2587,782.5,Sandy,292.8,22.05,1.07,Forest,High
18.2559,74.1692,564.1,Sandy,619.8,11.71,12.09,Barren,High
19.8487,75.8659,200.0,Sandy,326.7,28.98,0.0,Agricultural,Low
20.9173,77.9453,849.4,Rocky,198.3,13.06,10.02,Agricultural,Medium
16.359,74.5046,1178.4,Sandy,503.2,23.31,2.36,Forest,Medium
18.4528,73.2047,1312.5,Clayey,485.4,18.4,11.41,Agricultural,Low
17.7272,76.9175,619.4,Loamy,634.4,23.83,0.23,Forest,Medium
16.1759,76.3045,996.5,Loamy,613.6,17.3,5.97,Forest,High
18.3114,76.0703,964.0,Loamy,619.7,30.78,0.8,Barren,Low
15.562,79.4708,725.8,Sandy,586.0,2.88,3.96,Barren,Medium
20.34,78.5044,832.1,Clayey,541.6,18.93,4.71,Agricultural,High
18.1485,75.793,883.3,Clayey,488.7,16.55,3.57,Agricultural,High
20.1644,76.7914,634.6,Loamy,543.3,17.16,4.86,Agricultural,High
18.9612,79.0349,1121.1,Clayey,324.1,5.77,3.36,Agricultural,High
18.3408,75.455,1262.5,Clayey,730.3,19.67,0.8,Agricultural,High
17.7033,73.5054,478.1,Sandy,524.4,32.32,1.85,Agricultural,Low
15.0729,77.8649,248.2,Loamy,559.8,31.69,9.08,Urban,Low
16.1537,77.32,861.4,Clayey,811.9,16.16,14.75,Barren,Low
16.3416,77.2001,1232.1,Sandy,546.4,5.55,0.39,Barren,High
17.0525,77.367,417.7,Loamy,426.6,15.27,1.27,Agricultural,High
15.5586,78.5959,1158.1,Sandy,56.0,18.63,12.01,Agricultural,High
20.2288,76.0529,1017.5,Sandy,386.5,13.11,9.29,Agricultural,High
17.2588,76.6848,1383.7,Loamy,515.6,18.67,2.1,Urban,High
19.089,78.3542,1278.6,Sandy,764.6,2.46,1.64,Agricultural,Medium
20.6686,77.5523,888.9,Sandy,649.4,7.28,11.48,Agricultural,High
19.6258,77.6766,716.0,Loamy,470.4,10.17,7.69,Agricultural,High
17.0464,75.3397,790.5,Sandy,598.8,11.71,0.31,Barren,Medium
18.1881,79.7837,762.9,Rocky,344.8,10.18,1.09,Barren,Low
15.3665,73.2754,986.6,Clayey,484.4,15.15,0.82,Barren,Medium
20.8802,75.7376,705.0,Loamy,732.1,18.35,13.25,Agricultural,High
15.833,74.6524,1185.9,Rocky,489.5,19.18,5.15,Agricultural,Medium
19.8874,77.2723,958.4,Rocky,140.3,16.55,0.88,Agricultural,Low
19.5308,74.9378,1470.4,Clayey,74.7,18.93,2.77,Agricultural,High
16.5278,77.2553,368.1,Sandy,801.1,10.75,1.66,Urban,Low
16.3719,79.0779,924.7,Sandy,669.3,23.85,5.64,Agricultural,Low
15.936,78.1551,669.0,Loamy,448.1,8.3,10.42,Agricultural,High
20.4507,73.9551,1271.7,Clayey,437.6,21.11,3.06,Urban,Medium
18.9751,75.9024,1052.4,Loamy,420.4,26.11,3.98,Barren,Medium
20.051,74.7974,854.6,Rocky,540.9,23.59,4.23,Barren,Medium
19.5697,73.3288,702.9,Rocky,547.6,13.76,2.12,Barren,Low
17.7647,76.3224,640.1,Loamy,168.9,8.56,6.78,Urban,Medium
15.0995,79.5578,1549.5,Clayey,359.6,3.82,1.72,Agricultural,High
16.8255,77.1389,688.5,Clayey,502.5,24.44,5.19,Barren,Medium
17.5095,79.2637,350.8,Loamy,527.9,15.62,3.32,Agricultural,Medium
18.2803,76.5154,1016.6,Clayey,515.3,16.13,3.58,Agricultural,Medium
19.7838,74.5172,820.6,Clayey,546.4,7.11,2.95,Agricultural,Medium
18.2008,75.8772,676.5,Sandy,510.2,13.18,0.93,Forest,High
18.7764,77.3271,1121.6,Loamy,523.5,2.61,8.98,Barren,High
15.5639,79.1538,1226.6,Loamy,583.7,20.92,0.42,Agricultural,High
20.0979,74.3968,771.2,Clayey,506.1,19.05,4.88,Urban,Low
16.4639,76.3195,1018.4,Clayey,513.9,15.15,2.67,Agricultural,Medium
16.198,75.4244,679.3,Sandy,734.5,19.28,6.97,Urban,Low
19.2801,76.1832,807.6,Loamy,502.1,15.42,3.49,Agricultural,High
19.9312,76.3125,770.5,Loamy,588.6,19.43,3.66,Urban,High
20.6488,74.1253,936.8,Loamy,190.1,8.82,0.66,Urban,Medium
18.7868,78.8024,717.1,Clayey,352.6,28.62,15.36,Agricultural,Low
15.586,75.5368,807.3,Sandy,360.0,13.5,0.92,Agricultural,High
18.8469,76.8269,983.2,Loamy,619.0,17.81,4.21,Agricultural,High
15.4271,77.438,989.6,Sandy,560.3,1.75,6.51,Forest,High
20.7793,75.0416,863.9,Loamy,559.5,18.6,0.56,Agricultural,High
20.0787,74.1761,618.0,Rocky,385.8,18.17,0.05,Barren,Medium
16.0253,76.8114,1522.2,Sandy,842.5,10.35,7.45,Forest,High
15.689,77.2241,976.1,Loamy,383.0,20.43,3.24,Agricultural,High
17.0342,75.5268,825.4,Rocky,452.9,12.26,0.41,Agricultural,High
20.5763,75.2721,200.0,Sandy,652.3,13.42,3.15,Barren,Low
16.4545,73.5124,449.1,Sandy,343.8,27.76,3.83,Agricultural,Low
19.8828,76.7891,971.5,Sandy,536.6,28.03,4.98,Agricultural,Low
17.3837,79.0396,841.9,Clayey,612.8,20.88,3.58,Agricultural,Low
16.7106,78.4767,1569.4,Rocky,756.5,7.99,3.32,Agricultural,High
15.7649,78.1581,1148.8,Sandy,816.5,20.54,5.22,Barren,Low
18.8012,74.7174,1198.8,Loamy,258.7,19.45,2.06,Agricultural,High
20.639,77.2113,1112.5,Loamy,264.7,3.16,5.94,Forest,High
15.8694,74.2276,790.4,Rocky,487.9,7.38,3.87,Forest,Medium
15.1727,75.952,906.4,Clayey,351.6,11.76,7.33,Agricultural,High
17.3793,78.9807,819.4,Sandy,569.8,10.6,6.96,Barren,Medium
20.8943,77.6732,713.7,Sandy,627.0,18.4,0.26,Agricultural,Medium
15.9673,74.8764,1127.7,Loamy,496.1,27.17,2.71,Agricultural,High
20.8381,79.0343,541.2,Sandy,349.2,16.8,0.2,Agricultural,Medium
18.0353,73.8988,1218.1,Sandy,401.3,18.37,2.14,Agricultural,High
18.0514,77.0813,454.5,Clayey,748.0,5.82,1.93,Urban,Medium
19.7377,74.0574,717.7,Loamy,202.5,24.38,4.59,Forest,High
19.5142,74.9128,864.6,Loamy,598.5,15.37,3.8,Agricultural,Medium
18.2361,73.9808,1073.8,Sandy,499.3,10.13,0.35,Barren,High
20.369,79.2864,870.3,Loamy,434.8,45.0,6.18,Forest,Low
16.4374,77.6553,941.0,Sandy,177.4,13.3,1.43,Forest,High
19.9587,75.2653,1028.5,Sandy,502.7,21.18,1.19,Barren,Medium
17.0094,79.1894,1221.0,Loamy,280.3,24.17,23.17,Agricultural,Medium
18.981,78.9444,906.4,Sandy,634.3,24.58,1.11,Forest,Medium
17.3871,78.336,758.4,Sandy,474.7,1.0,6.37,Forest,Medium
19.8372,76.1654,859.7,Loamy,214.9,28.57,5.46,Urban,Medium
18.6067,76.1559,999.3,Sandy,615.0,10.61,9.73,Barren,High
18.2226,77.3249,867.1,Loamy,423.1,10.72,0.28,Agricultural,High
16.8277,79.4039,957.6,Loamy,422.1,17.34,10.32,Barren,Medium
17.5453,73.8212,937.9,Clayey,198.7,5.34,6.68,Urban,High
16.9015,78.5915,1501.8,Clayey,554.5,25.24,5.05,Agricultural,Medium
18.8246,79.4943,1040.6,Loamy,669.4,18.76,12.41,Agricultural,High
16.238,78.9092,1190.8,Loamy,453.1,11.9,1.3,Urban,High
16.5495,77.1507,923.1,Loamy,607.8,14.38,6.03,Agricultural,High
15.7733,73.9161,905.7,Sandy,354.1,23.81,1.66,Forest,Low
15.8405,78.3779,848.9,Rocky,849.1,9.16,1.78,Barren,Medium
16.2949,74.3051,200.0,Rocky,317.9,12.86,3.96,Barren,Low
18.791,77.8558,950.5,Loamy,334.0,7.95,1.5,Barren,High
20.4496,77.2036,1504.0,Sandy,854.9,15.58,7.02,Agricultural,Medium
18.1957,75.1555,395.0,Clayey,469.1,24.23,3.05,Forest,Low
17.8295,79.6887,721.3,Clayey,435.2,1.0,0.28,Forest,High
18.121,79.0692,852.0,Loamy,441.4,14.41,1.97,Agricultural,High
20.7025,73.2324,833.0,Loamy,544.7,22.31,2.98,Forest,High
18.0161,79.3001,674.0,Loamy,567.7,34.29,22.48,Barren,Low
18.6574,73.9582,909.6,Sandy,364.2,5.96,3.09,Urban,High
15.7683,79.7887,1112.5,Loamy,509.3,18.73,1.82,Agricultural,High
19.4857,76.9712,1185.9,Sandy,352.6,15.57,3.81,Barren,High
16.6715,74.1733,927.9,Loamy,319.6,27.71,7.06,Barren,Medium
17.2477,78.9541,578.4,Clayey,80.8,11.72,3.94,Agricultural,High
18.5002,76.1865,827.6,Sandy,284.9,23.49,3.65,Urban,Medium
19.4274,76.856,1054.8,Sandy,108.5,16.26,4.21,Urban,Medium
19.9033,77.8188,833.6,Clayey,76.7,10.92,0.65,Agricultural,High
15.6603,78.599,852.4,Sandy,247.0,12.93,0.63,Barren,High
19.0119,73.0403,624.2,Clayey,450.7,5.61,0.72,Urban,Medium
16.8053,78.8082,989.8,Clayey,756.7,7.32,10.05,Urban,High
19.4637,74.9236,964.0,Loamy,94.8,8.67,7.9,Agricultural,High
20.3827,73.9577,1120.5,Loamy,587.3,13.35,9.82,Urban,High
19.7748,79.6497,1074.6,Sandy,605.8,10.1,0.29,Agricultural,High
17.1611,76.5888,421.6,Sandy,565.0,18.54,0.88,Barren,Medium
15.6187,78.3078,876.1,Clayey,191.5,1.65,3.83,Agricultural,Medium
16.908,79.2619,1259.0,Sandy,766.1,24.78,2.82,Agricultural,Medium
20.264,73.526,310.1,Loamy,714.3,11.89,1.93,Agricultural,High
15.9698,79.1106,1019.9,Loamy,773.4,20.72,7.34,Agricultural,Low
19.2375,79.7774,1021.1,Sandy,328.8,8.11,1.1,Agricultural,High
17.5691,74.6307,442.3,Rocky,330.5,1.0,12.48,Agricultural,High
17.6907,74.5454,1295.3,Sandy,497.9,9.3,0.27,Barren,High
18.5738,78.0269,703.9,Rocky,419.8,35.09,33.6,Forest,Low
18.0645,74.8052,1413.5,Loamy,434.8,14.45,0.59,Forest,High
18.0315,73.1549,581.3,Sandy,349.4,13.62,1.09,Agricultural,High
18.0701,76.4219,1293.1,Clayey,248.3,9.26,6.32,Urban,High
17.9071,74.0384,401.3,Sandy,176.6,4.31,0.04,Agricultural,High
19.7716,75.151,1240.1,Clayey,410.7,22.23,0.03,Agricultural,Medium
20.0953,73.2376,532.7,Loamy,530.9,12.34,6.73,Urban,Low
15.9819,76.7741,200.0,Loamy,300.7,25.5,14.82,Urban,Low
19.1424,79.0779,1432.6,Rocky,753.9,4.96,3.22,Forest,High
18.9912,78.0131,894.4,Clayey,351.8,4.84,16.19,Forest,High
16.6613,73.8548,978.1,Sandy,560.7,5.63,4.55,Agricultural,High
16.6922,77.8152,920.4,Rocky,674.9,21.23,8.46,Urban,Low
15.8995,73.67,298.8,Sandy,523.7,12.73,17.05,Forest,Low
19.3543,78.7038,1103.4,Rocky,74.0,12.27,12.93,Agricultural,Medium
19.2149,73.7733,1343.3,Sandy,627.5,1.0,8.69,Agricultural,Medium
18.2563,75.7363,507.4,Rocky,169.0,15.38,4.37,Agricultural,Medium
20.9198,78.4362,997.3,Rocky,296.7,22.01,0.44,Agricultural,Medium
18.5019,74.1724,1185.1,Sandy,200.9,19.02,7.27,Barren,High
20.5782,77.369,727.0,Loamy,198.0,7.41,1.24,Agricultural,High
18.4614,74.6101,664.5,Loamy,232.6,9.14,0.99,Forest,High
15.9262,75.6585,992.4,Rocky,533.0,17.65,2.05,Agricultural,Medium
17.1856,78.6397,1028.2,Sandy,630.5,11.69,0.3,Barren,Medium
19.098,74.8186,1857.9,Rocky,504.3,29.25,0.83,Agricultural,High
17.9551,73.844,1094.5,Sandy,232.8,29.54,2.49,Forest,Medium
18.1927,77.668,1318.7,Clayey,57.5,4.72,4.36,Agricultural,High
16.0398,79.1422,818.7,Rocky,531.7,17.51,12.58,Barren,Low
16.9159,75.9833,958.3,Clayey,436.6,20.11,15.3,Forest,High
20.7902,79.2862,967.0,Sandy,574.5,4.61,3.57,Forest,High
20.6414,79.1029,845.1,Loamy,305.7,16.48,3.22,Forest,High
18.4204,76.3591,1133.5,Rocky,660.4,9.34,2.41,Barren,High
19.4848,79.6627,776.8,Rocky,575.1,13.25,2.3,Urban,Low
17.2535,75.9231,788.3,Clayey,448.9,13.88,2.45,Urban,Low
20.0693,78.4589,772.1,Rocky,528.1,9.12,6.57,Agricultural,Medium
19.4104,73.7176,765.8,Sandy,564.4,8.23,0.64,Agricultural,High
16.5912,79.6099,1401.0,Loamy,94.3,29.04,2.37,Forest,High
19.7316,79.3002,856.6,Loamy,988.6,9.25,2.13,Forest,High
17.1785,77.7356,811.4,Sandy,715.8,12.15,1.82,Urban,Medium
15.259,78.459,739.4,Loamy,424.9,12.11,1.08,Barren,High
15.2718,77.6092,925.8,Loamy,657.0,29.64,6.92,Urban,Medium
15.9757,79.0968,1050.3,Clayey,337.0,27.72,3.29,Agricultural,Medium
17.2637,77.714,1384.7,Rocky,389.6,1.0,17.01,Urban,Medium
17.772,75.9974,1142.1,Clayey,109.2,19.77,1.4,Agricultural,Medium
17.7761,77.9633,712.0,Sandy,209.4,30.36,1.69,Agricultural,Low
15.399,75.4614,1066.7,Sandy,500.6,22.67,16.99,Urban,Medium
19.4896,79.5371,1143.2,Loamy,271.0,30.18,2.72,Agricultural,High
18.3406,75.5652,814.2,Rocky,718.3,31.54,4.66,Agricultural,Low
20.3432,74.24,1027.2,Loamy,142.9,20.32,3.99,Agricultural,High
20.8168,78.5847,306.2,Loamy,840.8,19.02,1.66,Forest,High
15.8041,79.3049,1222.8,Rocky,690.0,33.17,1.14,Urban,Medium
20.5595,76.6037,603.8,Clayey,741.2,10.74,1.61,Forest,Medium
16.9511,74.2498,856.8,Rocky,672.9,16.72,3.54,Agricultural,Medium
20.4892,75.2313,967.4,Sandy,357.1,13.51,4.94,Urban,High
19.3693,78.1662,1061.0,Sandy,411.8,8.12,2.58,Agricultural,High
20.03,79.8311,1551.3,Clayey,250.8,10.79,4.62,Urban,Medium
19.8504,75.9325,1018.0,Loamy,690.8,9.66,1.45,Barren,High
20.7243,74.8038,448.6,Clayey,439.4,16.7,11.97,Agricultural,Medium
19.0654,77.6457,1036.8,Clayey,626.5,4.7,4.05,Agricultural,High
17.59,73.2127,822.4,Loamy,666.4,21.52,1.72,Agricultural,High
16.6799,77.8683,1487.5,Rocky,352.9,6.59,0.14,Agricultural,High
20.193,76.0491,1124.4,Clayey,348.9,1.0,1.02,Urban,High
18.7662,78.7343,1005.4,Sandy,443.7,25.07,3.62,Agricultural,High
17.9628,74.4349,809.3,Loamy,759.8,13.16,1.09,Agricultural,High
15.0873,77.4209,424.8,Rocky,413.1,1.0,8.48,Agricultural,Low
20.6428,76.7764,1418.1,Sandy,688.8,1.0,7.46,Agricultural,High
20.1742,74.7306,254.5,Loamy,303.2,21.73,5.64,Urban,Medium
15.7052,74.883,1090.4,Loamy,383.7,16.73,3.32,Agricultural,High
18.3656,78.0768,674.4,Rocky,10.0,3.91,20.88,Urban,Low
15.3802,75.6614,1013.1,Clayey,498.3,20.5,1.63,Agricultural,High
15.6088,77.8459,1271.5,Loamy,412.2,18.4,10.95,Barren,High
17.2321,75.4212,799.6,Loamy,495.1,4.76,10.19,Forest,High
17.574,79.7821,579.7,Loamy,128.7,22.5,2.81,Agricultural,High
19.9024,78.7248,578.2,Loamy,238.2,7.27,0.2,Urban,Medium
19.4789,76.9756,1102.0,Sandy,489.8,11.83,3.5,Forest,Medium
15.9361,75.9689,910.2,Loamy,450.0,10.29,8.27,Agricultural,High
16.2687,77.7082,892.1,Clayey,517.0,6.92,9.94,Agricultural,High
19.9837,77.5323,1216.8,Sandy,223.9,14.09,2.9,Barren,High
18.7674,74.8882,1200.2,Sandy,318.4,1.0,2.55,Agricultural,High
15.6813,75.4215,995.8,Clayey,290.0,21.89,3.21,Urban,Medium
15.1525,73.091,948.2,Sandy,483.0,22.97,2.71,Agricultural,Medium
18.7325,76.4459,632.6,Sandy,583.7,13.82,14.18,Urban,Medium
17.3352,77.7831,1256.2,Rocky,293.2,16.83,4.1,Forest,Medium
16.8572,73.3638,621.8,Loamy,935.3,7.28,1.68,Urban,High
18.1204,79.9781,254.1,Rocky,740.5,18.06,6.37,Agricultural,Low
15.3903,73.986,1263.9,Sandy,326.5,14.75,6.1,Barren,High
18.8522,74.2959,954.3,Clayey,845.3,10.31,0.07,Urban,Medium
20.6575,74.2018,699.3,Sandy,128.5,25.11,1.05,Agricultural,High
18.0854,75.4287,1270.8,Clayey,635.2,24.83,8.36,Urban,Medium
16.9341,77.0612,1237.8,Sandy,527.3,6.11,0.77,Forest,High
19.7689,73.2591,859.8,Loamy,314.9,16.62,2.17,Barren,High
20.3416,73.55,795.2,Loamy,264.7,2.63,4.31,Barren,High
19.8868,78.3272,934.0,Sandy,659.5,6.6,18.53,Forest,Medium
16.7192,79.9382,942.3,Sandy,391.2,14.29,0.03,Agricultural,High
19.0351,77.5816,1295.1,Rocky,465.2,13.1,1.8,Agricultural,High
17.4624,75.2892,663.7,Clayey,575.1,8.64,20.59,Agricultural,Medium
17.4757,77.0752,1209.0,Clayey,415.1,30.29,2.08,Barren,Low
16.0913,74.1883,716.3,Sandy,790.0,33.18,18.78,Agricultural,Low
20.8464,77.455,868.7,Loamy,308.1,20.65,17.55,Agricultural,High
17.1818,73.8243,1103.4,Sandy,412.0,17.11,2.09,Agricultural,High
19.9724,76.6707,1061.0,Sandy,212.1,2.86,2.62,Forest,High
20.8193,79.0209,1154.2,Rocky,399.0,6.88,1.37,Agricultural,High
19.0746,78.8668,895.7,Clayey,572.5,2.22,10.51,Forest,High
15.0417,77.4343,848.1,Sandy,647.5,1.0,6.34,Agricultural,High
19.3202,77.2497,918.0,Clayey,394.2,4.02,0.75,Urban,High
18.5648,74.7297,922.6,Sandy,264.9,1.0,0.52,Urban,High
16.6856,75.8053,908.5,Loamy,269.9,11.67,0.24,Agricultural,High
16.0909,79.0893,1401.8,Rocky,354.8,9.26,2.01,Agricultural,Medium
19.0328,76.6324,1260.1,Clayey,321.7,17.67,6.13,Forest,Medium
15.7322,73.0917,1112.4,Sandy,161.2,10.15,3.23,Agricultural,High
16.6643,76.9728,1140.0,Sandy,366.5,26.2,1.9,Forest,High
16.6911,76.7889,468.5,Clayey,683.9,21.06,4.26,Agricultural,Medium
18.3312,76.0438,817.0,Clayey,651.5,15.28,5.04,Urban,Low
16.9524,74.264,1286.9,Loamy,10.0,5.38,1.86,Agricultural,High
20.637,74.4693,924.5,Sandy,657.8,19.07,8.85,Barren,Low
19.2219,76.466,656.9,Clayey,502.1,19.13,9.32,Agricultural,Medium
18.1335,74.2357,740.2,Sandy,460.0,6.83,1.15,Urban,Medium
15.3109,76.3543,797.0,Loamy,561.6,6.38,16.36,Agricultural,High
17.3106,76.7026,955.4,Loamy,288.3,18.36,2.04,Agricultural,Medium
18.8953,78.5829,1232.9,Clayey,327.6,6.79,0.45,Agricultural,High
17.9558,76.0121,696.7,Sandy,394.0,7.44,2.05,Barren,High
18.3908,73.5559,369.3,Sandy,418.2,18.66,3.73,Agricultural,Medium
16.7616,75.0107,841.9,Loamy,809.0,12.73,3.17,Forest,High
15.5048,76.7933,511.0,Sandy,137.2,16.79,3.58,Agricultural,Low
18.7938,77.2221,1115.7,Loamy,191.3,30.1,8.54,Urban,Low
17.4209,79.114,661.2,Sandy,492.3,26.91,0.7,Agricultural,High
20.4153,73.1721,1035.7,Sandy,587.9,23.47,5.04,Agricultural,Medium
17.0196,73.1795,1086.5,Sandy,10.0,26.01,3.56,Agricultural,Medium
15.4428,74.6943,1112.8,Clayey,404.0,23.97,4.3,Forest,Low
16.4958,79.2487,1180.3,Clayey,284.3,1.0,27.29,Forest,High
18.5395,73.921,1052.6,Sandy,10.0,16.01,0.45,Forest,High
19.841,77.9572,646.1,Sandy,246.1,1.0,3.21,Forest,High
20.7043,74.0678,595.6,Sandy,480.5,5.66,0.58,Agricultural,Medium
20.2606,73.6687,1181.3,Loamy,340.1,11.68,1.36,Agricultural,High
16.2778,74.4746,445.9,Rocky,212.1,14.21,0.18,Agricultural,Medium
20.1786,74.6175,878.9,Loamy,446.1,13.44,2.11,Urban,High
15.0552,77.6115,1075.9,Sandy,183.9,12.31,8.56,Urban,High
20.7938,76.4886,1595.8,Loamy,573.2,7.51,5.66,Agricultural,High
20.6988,75.3762,200.0,Sandy,132.8,10.84,1.91,Barren,Medium
20.3262,74.9195,1064.0,Loamy,408.1,20.17,12.79,Agricultural,High
15.6672,77.799,599.9,Clayey,394.2,28.41,3.22,Agricultural,Low
20.7671,78.8249,996.9,Clayey,612.3,22.2,0.0,Agricultural,Medium
19.2795,78.9899,1347.2,Loamy,568.4,22.64,4.52,Barren,Low
15.587,77.1469,1244.6,Clayey,258.6,19.18,0.26,Forest,Medium
17.1035,78.1318,980.1,Sandy,329.1,20.46,10.82,Barren,Medium
18.6951,79.1504,789.9,Loamy,265.2,22.15,5.04,Agricultural,Medium
20.7236,78.5351,780.1,Loamy,253.8,6.06,2.1,Agricultural,High
16.274,79.4459,537.1,Loamy,286.1,10.89,5.74,Forest,High
19.1758,77.0606,659.0,Sandy,478.7,15.88,1.29,Barren,Medium
16.0136,74.1693,735.4,Rocky,280.5,16.13,1.97,Agricultural,High
16.0646,73.4749,1155.8,Sandy,383.2,14.69,4.55,Forest,High
20.4794,73.1251,863.5,Clayey,534.3,17.01,10.76,Forest,Medium
16.9247,78.0333,803.2,Rocky,387.4,23.66,1.38,Urban,Low
18.6687,73.7288,1727.9,Rocky,390.0,17.13,11.3,Agricultural,High
18.5616,77.8484,757.8,Clayey,601.4,7.6,2.7,Urban,Low
18.5059,75.2852,739.2,Rocky,534.0,14.98,9.29,Barren,Medium
16.5108,77.1613,200.0,Clayey,439.5,30.18,6.33,Urban,Low
19.1084,77.9634,1192.6,Rocky,174.5,12.72,3.04,Agricultural,Medium
17.221,77.3812,1179.8,Sandy,542.4,17.48,1.07,Agricultural,High
17.3535,78.0108,425.6,Loamy,629.4,13.22,3.86,Urban,High
15.8182,77.3608,359.1,Sandy,325.1,18.49,2.95,Agricultural,Medium
18.4297,75.7732,1230.3,Sandy,301.5,1.0,2.8,Agricultural,High
16.4511,78.7337,1144.7,Loamy,608.1,9.73,0.37,Urban,High
17.8868,79.0433,782.5,Loamy,542.7,26.61,4.77,Urban,High
20.9578,73.7345,957.1,Rocky,10.0,7.14,0.32,Agricultural,Medium
16.5474,73.8415,971.8,Loamy,746.3,28.03,0.11,Agricultural,High
18.6805,73.5608,703.8,Sandy,824.2,18.43,0.29,Barren,Low
15.2714,76.9539,699.6,Clayey,525.3,14.64,2.25,Agricultural,High
18.1662,76.3635,999.6,Loamy,467.2,14.57,7.32,Agricultural,High
19.2245,79.3865,687.5,Clayey,322.9,16.56,0.11,Forest,Medium
18.2613,76.8516,1029.6,Clayey,486.3,11.83,3.45,Urban,High
20.1068,79.5735,1362.6,Loamy,283.9,8.09,1.88,Barren,High
15.837,73.0324,623.8,Sandy,429.4,20.45,9.88,Agricultural,Low
20.7759,76.7588,1010.2,Loamy,502.3,1.95,1.49,Urban,High
15.7129,77.0738,1046.8,Sandy,643.6,7.5,6.75,Barren,High
17.2067,73.5796,1255.7,Clayey,594.0,11.69,1.34,Urban,Medium
19.7898,75.6903,592.7,Sandy,338.3,23.39,0.13,Agricultural,Medium
20.3833,77.8629,725.1,Clayey,628.5,7.14,1.05,Urban,Medium
19.8209,79.5606,1284.3,Rocky,437.6,25.0,1.99,Agricultural,Medium
18.4406,78.5637,811.4,Loamy,747.4,16.18,3.75,Agricultural,Medium
18.7208,73.929,809.0,Loamy,266.3,19.59,2.02,Agricultural,Medium
17.6031,76.9601,1107.9,Loamy,298.3,25.64,6.91,Barren,Medium
19.9275,76.1624,671.2,Sandy,322.9,15.89,3.51,Forest,High
19.7711,77.8721,870.0,Sandy,662.0,21.74,15.19,Agricultural,Low
20.9191,77.5586,1010.9,Loamy,654.7,15.41,7.57,Agricultural,High
17.5045,73.9755,488.4,Rocky,386.0,4.05,0.18,Barren,Low
16.4234,77.6049,1034.3,Sandy,659.0,4.02,1.29,Agricultural,High
15.6473,73.5986,900.9,Rocky,460.2,11.27,3.06,Forest,High
15.5667,77.4227,845.9,Sandy,653.5,20.88,4.0,Barren,Low
18.8253,74.6673,1080.0,Loamy,593.6,22.88,20.3,Agricultural,High
15.3378,73.4495,1005.2,Sandy,564.1,17.71,4.02,Agricultural,High
17.1358,78.0639,988.1,Clayey,482.0,4.46,9.43,Urban,Medium
19.2731,77.939,1126.0,Loamy,627.4,10.56,5.88,Urban,High
16.7143,75.7475,860.2,Loamy,179.8,29.09,3.3,Forest,High
20.3765,76.412,608.1,Clayey,678.0,6.55,13.21,Forest,Low
20.2415,76.7182,1317.7,Rocky,231.6,23.71,4.38,Agricultural,Medium
18.6711,78.62,1061.6,Clayey,528.1,6.18,8.11,Forest,High
18.1955,76.6336,980.7,Rocky,458.7,22.04,13.08,Agricultural,Medium
16.1923,74.8952,1067.3,Clayey,249.6,21.06,1.77,Barren,Low
17.4623,78.7221,489.9,Sandy,429.3,13.5,2.86,Forest,Medium
19.8562,75.0742,685.0,Rocky,496.0,12.59,8.07,Forest,Medium
19.2058,75.5797,1356.4,Clayey,740.7,16.07,3.76,Urban,High
16.8861,74.27,1184.9,Sandy,405.4,17.59,3.6,Agricultural,High
